date,country,requests
2026-09-30,AE,1144
2026-09-30,AR,25
2026-09-30,AT,760
2026-09-30,AU,328
2026-09-30,BE,800
2026-09-30,BG,12
2026-09-30,BO,1
2026-09-30,BR,49
2026-09-30,BY,1
2026-09-30,CA,532
2026-09-30,CH,443
2026-09-30,CL,26
2026-09-30,CN,826
2026-09-30,CO,16
2026-09-30,CR,1
2026-09-30,CY,1
2026-09-30,CZ,213
2026-09-30,DE,1119
2026-09-30,DK,353
2026-09-30,DO,3
2026-09-30,DZ,1
2026-09-30,EC,2
2026-09-30,EE,17
2026-09-30,EG,45
2026-09-30,ES,803
2026-09-30,FI,166
2026-09-30,FR,2176
2026-09-30,GB,470
2026-09-30,GE,32
2026-09-30,GR,20
2026-09-30,HK,343
2026-09-30,HN,1
2026-09-30,HR,1
2026-09-30,HU,74
2026-09-30,ID,44
2026-09-30,IE,164
2026-09-30,IL,71
2026-09-30,IM,4
2026-09-30,IN,776
2026-09-30,IQ,1
2026-09-30,IS,5
2026-09-30,IT,373
2026-09-30,JP,486
2026-09-30,KR,586
2026-09-30,KW,16
2026-09-30,KZ,2
2026-09-30,LT,39
2026-09-30,LU,5
2026-09-30,LV,353
2026-09-30,MA,3
2026-09-30,MD,47
2026-09-30,MW,3
2026-09-30,MX,10
2026-09-30,MY,2
2026-09-30,MZ,217
2026-09-30,NL,2516
2026-09-30,NO,700
2026-09-30,NZ,32
2026-09-30,OM,1
2026-09-30,PH,1
2026-09-30,PL,592
2026-09-30,PT,55
2026-09-30,PY,2
2026-09-30,QA,6
2026-09-30,RE,1
2026-09-30,RO,58
2026-09-30,RS,6
2026-09-30,RU,976
2026-09-30,SE,2970
2026-09-30,SG,284
2026-09-30,SK,1
2026-09-30,T1,14
2026-09-30,TH,10
2026-09-30,TN,1
2026-09-30,TR,205
2026-09-30,TW,14
2026-09-30,UA,27
2026-09-30,UG,1
2026-09-30,US,8554
2026-09-30,UZ,3
2026-09-30,VE,2
2026-09-30,VN,895
2026-09-30,ZA,9
2026-10-01,AE,653
2026-10-01,AR,36
2026-10-01,AT,255
2026-10-01,AU,281
2026-10-01,BD,2
2026-10-01,BE,720
2026-10-01,BG,1
2026-10-01,BR,943
2026-10-01,BY,975
2026-10-01,CA,1994
2026-10-01,CD,2
2026-10-01,CG,1
2026-10-01,CH,125
2026-10-01,CL,1
2026-10-01,CN,166
2026-10-01,CO,88
2026-10-01,CZ,72
2026-10-01,DE,3254
2026-10-01,DK,861
2026-10-01,DO,2
2026-10-01,DZ,1
2026-10-01,EC,5
2026-10-01,EE,38
2026-10-01,ES,37
2026-10-01,FI,855
2026-10-01,FR,1246
2026-10-01,GB,56
2026-10-01,GE,6
2026-10-01,GR,7
2026-10-01,GT,1
2026-10-01,HK,21
2026-10-01,HN,63
2026-10-01,HU,48
2026-10-01,ID,10
2026-10-01,IE,141
2026-10-01,IN,763
2026-10-01,IT,350
2026-10-01,JO,2
2026-10-01,JP,66
2026-10-01,KE,4
2026-10-01,KG,4
2026-10-01,KR,727
2026-10-01,LB,1
2026-10-01,LU,5
2026-10-01,LV,28
2026-10-01,MX,16
2026-10-01,MY,148
2026-10-01,MZ,11
2026-10-01,NL,2107
2026-10-01,NO,2304
2026-10-01,NZ,1
2026-10-01,PH,1
2026-10-01,PK,53
2026-10-01,PL,815
2026-10-01,PT,12
2026-10-01,RO,104
2026-10-01,RS,2
2026-10-01,RU,465
2026-10-01,SE,2942
2026-10-01,SG,569
2026-10-01,SI,23
2026-10-01,SK,37
2026-10-01,T1,826
2026-10-01,TH,1
2026-10-01,TN,8
2026-10-01,TR,3
2026-10-01,TW,4
2026-10-01,UA,794
2026-10-01,US,8324
2026-10-01,VE,14
2026-10-01,VN,59
2026-10-02,AE,18
2026-10-02,AR,29
2026-10-02,AT,507
2026-10-02,AU,327
2026-10-02,BD,1
2026-10-02,BE,385
2026-10-02,BG,1
2026-10-02,BO,13
2026-10-02,BR,127
2026-10-02,BY,191
2026-10-02,CA,787
2026-10-02,CH,373
2026-10-02,CL,1
2026-10-02,CN,137
2026-10-02,CO,56
2026-10-02,CZ,274
2026-10-02,DE,3556
2026-10-02,DK,281
2026-10-02,EC,57
2026-10-02,EE,5
2026-10-02,EG,2
2026-10-02,ES,208
2026-10-02,FI,175
2026-10-02,FR,705
2026-10-02,GB,451
2026-10-02,GE,152
2026-10-02,GH,8
2026-10-02,GR,2
2026-10-02,HK,184
2026-10-02,HN,29
2026-10-02,HR,1
2026-10-02,HU,168
2026-10-02,ID,31
2026-10-02,IE,30
2026-10-02,IN,958
2026-10-02,IR,8
2026-10-02,IT,256
2026-10-02,JO,10
2026-10-02,JP,73
2026-10-02,KR,136
2026-10-02,LT,6
2026-10-02,LU,8
2026-10-02,LV,47
2026-10-02,MA,162
2026-10-02,MT,12
2026-10-02,MW,3
2026-10-02,MX,22
2026-10-02,MY,3
2026-10-02,MZ,1
2026-10-02,NL,7560
2026-10-02,NO,1504
2026-10-02,NP,7
2026-10-02,NZ,24
2026-10-02,PE,14
2026-10-02,PK,1
2026-10-02,PL,1258
2026-10-02,PT,42
2026-10-02,RU,187
2026-10-02,SE,2295
2026-10-02,SG,459
2026-10-02,SK,203
2026-10-02,T1,23
2026-10-02,TR,5
2026-10-02,TW,644
2026-10-02,UA,8
2026-10-02,US,9559
2026-10-02,UZ,2
2026-10-02,VE,26
2026-10-02,VN,5
2026-10-02,ZA,6
2026-10-03,AE,234
2026-10-03,AR,46
2026-10-03,AT,13
2026-10-03,AU,1316
2026-10-03,BD,17
2026-10-03,BE,19
2026-10-03,BF,5
2026-10-03,BG,2
2026-10-03,BH,2
2026-10-03,BR,58
2026-10-03,BY,1429
2026-10-03,CA,934
2026-10-03,CG,1
2026-10-03,CH,725
2026-10-03,CL,2
2026-10-03,CN,254
2026-10-03,CO,62
2026-10-03,CW,4
2026-10-03,CZ,5
2026-10-03,DE,1794
2026-10-03,DZ,1
2026-10-03,EC,35
2026-10-03,EE,39
2026-10-03,ES,10
2026-10-03,FI,42
2026-10-03,FR,375
2026-10-03,GB,161
2026-10-03,GE,5
2026-10-03,HK,8
2026-10-03,HN,1
2026-10-03,ID,190
2026-10-03,IE,6
2026-10-03,IN,238
2026-10-03,IQ,1
2026-10-03,IT,13
2026-10-03,JP,5
2026-10-03,KE,1
2026-10-03,KR,126
2026-10-03,KW,1
2026-10-03,KZ,1
2026-10-03,LB,2
2026-10-03,LU,5
2026-10-03,MA,10
2026-10-03,MD,14
2026-10-03,MR,2
2026-10-03,MX,15
2026-10-03,MY,1
2026-10-03,NL,1082
2026-10-03,NO,50
2026-10-03,NP,1
2026-10-03,NZ,25
2026-10-03,PE,1
2026-10-03,PH,1
2026-10-03,PK,1
2026-10-03,PL,451
2026-10-03,PT,54
2026-10-03,PY,2
2026-10-03,QA,1
2026-10-03,RO,6
2026-10-03,RS,1
2026-10-03,RU,37
2026-10-03,SA,1
2026-10-03,SE,3573
2026-10-03,SG,92
2026-10-03,TH,1
2026-10-03,TR,2
2026-10-03,TT,2
2026-10-03,TW,1
2026-10-03,UA,7
2026-10-03,US,7402
2026-10-03,UY,2
2026-10-03,VE,19
2026-10-03,VN,7
2026-10-03,ZA,20
2026-10-03,ZM,1
2026-10-04,AE,114
2026-10-04,AM,1
2026-10-04,AR,35
2026-10-04,AT,136
2026-10-04,AU,262
2026-10-04,BE,122
2026-10-04,BG,1
2026-10-04,BO,1
2026-10-04,BR,106
2026-10-04,BY,2859
2026-10-04,CA,2777
2026-10-04,CH,30
2026-10-04,CN,176
2026-10-04,CO,56
2026-10-04,CR,1
2026-10-04,CZ,3
2026-10-04,DE,1357
2026-10-04,DK,9
2026-10-04,EC,14
2026-10-04,EG,1
2026-10-04,ES,694
2026-10-04,FI,135
2026-10-04,FR,236
2026-10-04,GB,118
2026-10-04,HK,405
2026-10-04,ID,91
2026-10-04,IE,23
2026-10-04,IL,38
2026-10-04,IN,147
2026-10-04,JP,575
2026-10-04,KH,1
2026-10-04,KR,7
2026-10-04,KZ,1
2026-10-04,LT,1
2026-10-04,LU,6
2026-10-04,MA,1
2026-10-04,MW,3
2026-10-04,MX,40
2026-10-04,MY,44
2026-10-04,NL,1053
2026-10-04,NO,47
2026-10-04,NP,8
2026-10-04,OM,4
2026-10-04,PH,82
2026-10-04,PK,1
2026-10-04,PL,565
2026-10-04,RO,45
2026-10-04,RU,106
2026-10-04,SA,1
2026-10-04,SE,3070
2026-10-04,SG,83
2026-10-04,SI,10
2026-10-04,SK,1
2026-10-04,T1,11
2026-10-04,TH,1
2026-10-04,TR,24
2026-10-04,TW,6
2026-10-04,UA,24
2026-10-04,US,5921
2026-10-04,UZ,1
2026-10-04,VE,19
2026-10-04,VN,20
2026-10-05,AE,19
2026-10-05,AR,13
2026-10-05,AT,293
2026-10-05,AU,514
2026-10-05,AZ,1
2026-10-05,BD,2
2026-10-05,BE,719
2026-10-05,BG,15
2026-10-05,BR,75
2026-10-05,BY,1310
2026-10-05,CA,3141
2026-10-05,CH,92
2026-10-05,CL,2
2026-10-05,CN,934
2026-10-05,CZ,191
2026-10-05,DE,3785
2026-10-05,DK,166
2026-10-05,DZ,1
2026-10-05,EC,15
2026-10-05,EE,7
2026-10-05,EG,1
2026-10-05,ES,139
2026-10-05,FI,428
2026-10-05,FR,1861
2026-10-05,GB,139
2026-10-05,GR,1
2026-10-05,GT,1
2026-10-05,HK,159
2026-10-05,HR,6
2026-10-05,HU,34
2026-10-05,ID,58
2026-10-05,IE,78
2026-10-05,IL,10
2026-10-05,IN,402
2026-10-05,IQ,1
2026-10-05,IR,135
2026-10-05,IT,65
2026-10-05,JO,1
2026-10-05,JP,551
2026-10-05,KH,4
2026-10-05,KR,92
2026-10-05,KW,6
2026-10-05,KZ,4
2026-10-05,LK,76
2026-10-05,LU,39
2026-10-05,LV,41
2026-10-05,MA,14
2026-10-05,MD,1
2026-10-05,MW,6
2026-10-05,MX,14
2026-10-05,MY,1
2026-10-05,NG,1
2026-10-05,NL,1419
2026-10-05,NO,22
2026-10-05,NP,2
2026-10-05,NZ,9
2026-10-05,OM,1
2026-10-05,PH,16
2026-10-05,PK,1
2026-10-05,PL,426
2026-10-05,PT,4
2026-10-05,PY,1
2026-10-05,QA,1
2026-10-05,RO,23
2026-10-05,RS,109
2026-10-05,RU,319
2026-10-05,SE,2009
2026-10-05,SG,176
2026-10-05,SK,50
2026-10-05,T1,343
2026-10-05,TH,2
2026-10-05,TN,10
2026-10-05,TR,17
2026-10-05,TW,281
2026-10-05,UA,50
2026-10-05,US,9461
2026-10-05,VN,31
2026-10-05,ZA,5
2026-10-06,AE,38
2026-10-06,AL,3
2026-10-06,AR,17
2026-10-06,AT,362
2026-10-06,AU,630
2026-10-06,AZ,1
2026-10-06,BE,27
2026-10-06,BR,163
2026-10-06,BY,293
2026-10-06,CA,2709
2026-10-06,CH,242
2026-10-06,CL,1
2026-10-06,CN,144
2026-10-06,CO,30
2026-10-06,CZ,294
2026-10-06,DE,2819
2026-10-06,DK,620
2026-10-06,EC,42
2026-10-06,EE,323
2026-10-06,EG,27
2026-10-06,ES,55
2026-10-06,FI,223
2026-10-06,FR,1415
2026-10-06,GB,416
2026-10-06,GR,1
2026-10-06,HK,38
2026-10-06,HN,1
2026-10-06,HU,1
2026-10-06,ID,6
2026-10-06,IE,24
2026-10-06,IL,28
2026-10-06,IN,835
2026-10-06,IR,201
2026-10-06,IT,7
2026-10-06,JP,423
2026-10-06,KG,2
2026-10-06,KR,333
2026-10-06,KZ,1
2026-10-06,LT,2
2026-10-06,LU,5
2026-10-06,LV,132
2026-10-06,MA,7
2026-10-06,MX,16
2026-10-06,MY,4
2026-10-06,MZ,4
2026-10-06,NI,1
2026-10-06,NL,2652
2026-10-06,NO,1081
2026-10-06,NZ,142
2026-10-06,PH,5
2026-10-06,PK,59
2026-10-06,PL,534
2026-10-06,PT,50
2026-10-06,RO,46
2026-10-06,RS,1
2026-10-06,RU,1721
2026-10-06,SE,2303
2026-10-06,SG,111
2026-10-06,SK,121
2026-10-06,TG,1
2026-10-06,TH,1
2026-10-06,TN,2
2026-10-06,TR,7
2026-10-06,TW,8
2026-10-06,UA,12
2026-10-06,US,11293
2026-10-06,UZ,3
2026-10-06,VN,1187
2026-10-06,XK,7
2026-10-06,ZA,1853
2026-10-07,AE,24
2026-10-07,AL,1
2026-10-07,AR,50
2026-10-07,AT,62
2026-10-07,AU,1590
2026-10-07,AZ,24
2026-10-07,BA,29
2026-10-07,BE,168
2026-10-07,BO,12
2026-10-07,BR,868
2026-10-07,BY,787
2026-10-07,CA,1841
2026-10-07,CH,208
2026-10-07,CL,2
2026-10-07,CN,114
2026-10-07,CO,54
2026-10-07,CZ,2
2026-10-07,DE,4163
2026-10-07,DK,264
2026-10-07,EC,41
2026-10-07,EE,9
2026-10-07,EG,25
2026-10-07,ES,1038
2026-10-07,FI,293
2026-10-07,FR,1374
2026-10-07,GB,1474
2026-10-07,HK,716
2026-10-07,HU,409
2026-10-07,ID,4
2026-10-07,IE,37
2026-10-07,IL,13
2026-10-07,IN,210
2026-10-07,IR,7
2026-10-07,IT,19
2026-10-07,JO,154
2026-10-07,JP,112
2026-10-07,KR,909
2026-10-07,KZ,1
2026-10-07,LT,866
2026-10-07,LU,98
2026-10-07,LV,10
2026-10-07,MW,2
2026-10-07,MX,1
2026-10-07,MY,33
2026-10-07,NL,3788
2026-10-07,NO,473
2026-10-07,NZ,5
2026-10-07,PE,14
2026-10-07,PH,39
2026-10-07,PK,1
2026-10-07,PL,689
2026-10-07,PT,172
2026-10-07,PY,1
2026-10-07,RO,343
2026-10-07,RS,4
2026-10-07,RU,221
2026-10-07,SA,1
2026-10-07,SE,2974
2026-10-07,SG,184
2026-10-07,SK,205
2026-10-07,TH,3
2026-10-07,TN,2
2026-10-07,TR,36
2026-10-07,TW,356
2026-10-07,UA,6
2026-10-07,US,9751
2026-10-07,UZ,36
2026-10-07,VE,57
2026-10-07,VN,599
2026-10-07,ZA,1538
