week,commits,new_contributors,total_contributors
2026-01-12,61,2,2
2026-01-19,10,0,2
2026-01-26,75,0,2
2026-02-02,125,0,2
2026-02-09,85,0,2
2026-02-16,40,0,2
2026-02-23,48,0,2
2026-03-02,54,2,4
2026-03-09,17,1,5
2026-03-16,57,2,7
2026-03-23,30,0,7
2026-03-30,22,2,9
2026-04-06,34,0,9
2026-04-13,60,2,11
2026-04-20,47,0,11
2026-04-27,15,0,11
2026-05-04,56,4,15
2026-05-11,48,0,15
2026-05-18,52,7,22
2026-05-25,64,1,23
2026-06-01,66,4,27
2026-06-08,127,7,34
2026-06-15,16,1,35
2026-06-22,59,5,40
2026-06-29,119,5,45
2026-07-06,102,7,52
2026-07-13,114,3,55
2026-07-20,78,1,56
2026-07-27,63,2,58
2026-08-03,77,4,62
2026-08-10,74,1,63
2026-08-17,34,2,65
2026-08-24,9,0,65
2026-08-31,63,2,67
2026-09-07,81,2,69
2026-09-14,80,3,72
2026-09-21,98,6,78
2026-09-28,49,3,81
2026-10-05,52,3,84
