country_code,country,people
US,United States,113
DE,Germany,87
CN,China,48
FR,France,37
GB,United Kingdom,28
CA,Canada,19
CH,Switzerland,17
RU,Russia,17
AU,Australia,17
KR,South Korea,17
NL,Netherlands,16
AT,Austria,15
IN,India,11
BR,Brazil,11
PL,Poland,9
SE,Sweden,9
IT,Italy,9
NO,Norway,8
BE,Belgium,8
PT,Portugal,7
ZA,South Africa,6
HU,Hungary,5
SG,Singapore,5
RO,Romania,5
EG,Egypt,5
TR,Turkey,4
KZ,Kazakhstan,4
VN,Vietnam,4
JP,Japan,3
UA,Ukraine,3
TH,Thailand,3
AE,United Arab Emirates,3
IL,Israel,3
RS,Serbia,2
LU,Luxembourg,2
FI,Finland,2
CY,Cyprus,2
ES,Spain,2
MW,Malawi,2
TW,Taiwan,2
MX,Mexico,2
NZ,New Zealand,2
DK,Denmark,2
GR,Greece,2
GE,Georgia,2
CZ,Czechia,2
AR,Argentina,2
PK,Pakistan,2
LT,Lithuania,1
SI,Slovenia,1
IE,Ireland,1
ME,Montenegro,1
MA,Morocco,1
BA,Bosnia and Herzegovina,1
UZ,Uzbekistan,1
AM,Armenia,1
CO,Colombia,1
LV,Latvia,1
IR,Iran,1
BD,Bangladesh,1
MR,Mauritania,1
CM,Cameroon,1
BG,Bulgaria,1
