tag,published_at,prerelease,downloads
v1.0.0-a2,2026-02-09T01:38:31Z,True,0
v1.0.0-rc.3,2026-02-09T04:07:02Z,True,0
v1.0.0-rc.4,2026-02-09T16:14:10Z,True,0
v1.0.0-rc.5,2026-02-09T18:17:04Z,True,0
v1.0.0-rc.6,2026-02-09T19:12:35Z,True,0
v1.1.0-dev.1,2026-02-09T21:04:27Z,True,0
v1.0.0-rc.7,2026-02-11T03:02:54Z,True,0
v1.1.0-dev.2,2026-02-12T02:40:23Z,True,0
v1.1.0-rc.2,2026-02-15T21:32:03Z,True,40
v1.1.0-rc.3,2026-02-17T16:03:53Z,True,52
v1.1.0-rc.4,2026-02-26T01:13:54Z,True,40
v1.1.0-rc.5,2026-02-26T22:41:02Z,True,57
v1.1.0-rc.6,2026-03-02T18:36:09Z,True,57
v1.1.0-rc.7,2026-03-08T17:58:45Z,True,43
v1.1.0-rc.8,2026-03-17T14:39:44Z,True,40
v1.1.0-rc.9,2026-03-20T21:48:09Z,True,40
v1.1.0-rc.10,2026-03-21T03:10:54Z,True,47
v1.1.0,2026-04-02T02:23:04Z,False,56
v1.1.1,2026-04-05T22:02:44Z,False,78
v1.1.2,2026-04-11T02:26:51Z,False,85
v1.1.3,2026-04-16T03:37:56Z,False,71
v1.1.4,2026-04-16T23:38:12Z,False,80
v1.1.6,2026-04-20T13:22:43Z,False,72
v1.1.9-rc.1,2026-05-03T14:53:05Z,True,0
v1.1.9-rc.5,2026-05-07T15:41:29Z,True,54
v1.1.9,2026-05-07T21:32:42Z,False,99
v1.2.0-rc.1,2026-05-19T21:41:31Z,True,0
v1.2.0-rc.2,2026-05-24T00:35:44Z,True,0
v1.2.0-rc.3,2026-06-01T03:53:26Z,True,0
v1.2.0,2026-06-02T20:04:12Z,False,96
v1.2.1,2026-06-21T22:01:47Z,False,58
v1.2.2,2026-06-25T18:16:14Z,False,59
v1.2.3,2026-06-29T20:47:16Z,False,47
v1.2.4,2026-07-01T17:49:27Z,False,45
v1.2.5,2026-07-03T05:14:50Z,False,46
v1.3.0,2026-07-06T01:32:27Z,False,48
v1.4.0,2026-07-09T02:00:45Z,False,26
v1.4.1,2026-07-10T13:03:12Z,False,10
v1.4.2,2026-07-10T19:38:23Z,False,21
v1.5.0,2026-07-11T16:25:52Z,False,20
v1.5.1,2026-07-12T00:22:11Z,False,32
v1.5.2,2026-07-12T06:32:57Z,False,20
v1.5.3,2026-07-12T21:14:54Z,False,20
v1.5.4,2026-07-13T03:30:22Z,False,10
v1.5.5,2026-07-13T18:52:12Z,False,10
v1.5.6,2026-07-13T22:36:29Z,False,20
v1.5.7,2026-07-14T21:15:42Z,False,30
v1.5.8,2026-07-15T23:05:14Z,False,47
v1.6.0,2026-07-19T20:34:48Z,False,43
v1.6.1,2026-07-22T12:57:04Z,False,30
v1.6.2,2026-07-23T03:00:05Z,False,21
v1.6.3,2026-07-25T07:17:37Z,False,63
v1.6.4,2026-07-29T18:41:41Z,False,43
v1.7.0,2026-07-31T17:05:34Z,False,69
v1.7.1,2026-08-07T05:31:53Z,False,72
v1.7.3,2026-08-14T01:03:01Z,False,35
v1.7.4,2026-08-14T05:24:08Z,False,55
v1.7.6,2026-08-17T20:44:10Z,False,47
v1.8.0,2026-08-19T00:37:41Z,False,39
v1.7.8,2026-08-21T05:33:59Z,False,36
v1.8.1-rc.1,2026-08-21T14:39:03Z,True,30
v1.8.1,2026-08-21T16:17:54Z,False,118
v1.8.2,2026-09-01T18:00:36Z,False,101
v1.9.0,2026-09-09T01:39:39Z,False,60
v1.9.1,2026-09-11T17:17:17Z,False,85
v1.10.0,2026-09-20T07:25:00Z,False,88
v1.10.1,2026-09-24T21:52:53Z,False,69
v1.10.2,2026-10-02T21:14:20Z,False,87
