date,metric,value
2026-09-23,clones,1613
2026-09-23,clones_unique,167
2026-09-23,views,798
2026-09-23,views_unique,240
2026-09-24,clones,2115
2026-09-24,clones_unique,161
2026-09-24,views,720
2026-09-24,views_unique,232
2026-09-25,clones,2262
2026-09-25,clones_unique,208
2026-09-25,views,517
2026-09-25,views_unique,167
2026-09-26,clones,1268
2026-09-26,clones_unique,137
2026-09-26,views,256
2026-09-26,views_unique,94
2026-09-27,clones,660
2026-09-27,clones_unique,89
2026-09-27,views,352
2026-09-27,views_unique,131
2026-09-28,clones,441
2026-09-28,clones_unique,60
2026-09-28,views,811
2026-09-28,views_unique,247
2026-09-29,clones,1025
2026-09-29,clones_unique,91
2026-09-29,views,776
2026-09-29,views_unique,212
2026-09-30,clones,1059
2026-09-30,clones_unique,57
2026-09-30,views,710
2026-09-30,views_unique,221
2026-10-01,clones,480
2026-10-01,clones_unique,69
2026-10-01,views,634
2026-10-01,views_unique,204
2026-10-02,clones,604
2026-10-02,clones_unique,85
2026-10-02,views,507
2026-10-02,views_unique,159
2026-10-03,clones,1132
2026-10-03,clones_unique,90
2026-10-03,views,237
2026-10-03,views_unique,90
2026-10-04,clones,897
2026-10-04,clones_unique,115
2026-10-04,views,310
2026-10-04,views_unique,99
2026-10-05,clones,2353
2026-10-05,clones_unique,214
2026-10-05,views,682
2026-10-05,views_unique,212
2026-10-06,clones,682
2026-10-06,clones_unique,132
2026-10-06,views,690
2026-10-06,views_unique,218
2026-10-07,clones,2116
2026-10-07,clones_unique,191
2026-10-07,closed_issues,1946
2026-10-07,contributors,73
2026-10-07,discussions,61
2026-10-07,docker_pulls:artifactkeeper/backend,116070
2026-10-07,docker_pulls:artifactkeeper/openscap,118336
2026-10-07,docker_pulls:artifactkeeper/scanner-adapter,51113
2026-10-07,docker_pulls:artifactkeeper/web,30871
2026-10-07,docker_pulls_total,316390
2026-10-07,forks,152
2026-10-07,merged_prs,2128
2026-10-07,open_issues,202
2026-10-07,open_prs,19
2026-10-07,release_downloads,2867
2026-10-07,releases,45
2026-10-07,stars,1113
2026-10-07,views,805
2026-10-07,views_unique,207
2026-10-07,watchers,11
2026-10-08,clones,703
2026-10-08,clones_unique,104
2026-10-08,closed_issues,1957
2026-10-08,contributors,73
2026-10-08,discussions,62
2026-10-08,docker_pulls:artifactkeeper/backend,116700
2026-10-08,docker_pulls:artifactkeeper/openscap,118871
2026-10-08,docker_pulls:artifactkeeper/scanner-adapter,51579
2026-10-08,docker_pulls:artifactkeeper/web,31218
2026-10-08,docker_pulls_total,318368
2026-10-08,forks,153
2026-10-08,merged_prs,2137
2026-10-08,open_issues,197
2026-10-08,open_prs,16
2026-10-08,release_downloads,2867
2026-10-08,releases,45
2026-10-08,stars,1115
2026-10-08,views,576
2026-10-08,views_unique,179
2026-10-08,watchers,11
2026-10-09,clones,904
2026-10-09,clones_unique,84
2026-10-09,closed_issues,1962
2026-10-09,contributors,73
2026-10-09,discussions,63
2026-10-09,docker_pulls:artifactkeeper/backend,117391
2026-10-09,docker_pulls:artifactkeeper/openscap,119490
2026-10-09,docker_pulls:artifactkeeper/scanner-adapter,52055
2026-10-09,docker_pulls:artifactkeeper/web,31257
2026-10-09,docker_pulls_total,320193
2026-10-09,forks,153
2026-10-09,merged_prs,2141
2026-10-09,open_issues,204
2026-10-09,open_prs,17
2026-10-09,release_downloads,2869
2026-10-09,releases,45
2026-10-09,stars,1118
2026-10-09,views,528
2026-10-09,views_unique,172
2026-10-09,watchers,11
2026-10-10,closed_issues,1969
2026-10-10,contributors,73
2026-10-10,discussions,63
2026-10-10,docker_pulls:artifactkeeper/backend,118020
2026-10-10,docker_pulls:artifactkeeper/openscap,119963
2026-10-10,docker_pulls:artifactkeeper/scanner-adapter,52429
2026-10-10,docker_pulls:artifactkeeper/web,31281
2026-10-10,docker_pulls_total,321693
2026-10-10,forks,153
2026-10-10,merged_prs,2146
2026-10-10,open_issues,202
2026-10-10,open_prs,20
2026-10-10,release_downloads,2884
2026-10-10,releases,45
2026-10-10,stars,1121
2026-10-10,watchers,11
