path,count,uniques
/artifact-keeper/artifact-keeper,1880,869
/artifact-keeper/artifact-keeper/issues,908,229
/artifact-keeper/artifact-keeper/releases,432,168
/artifact-keeper/artifact-keeper/pulls,304,88
/orgs/artifact-keeper/discussions,170,50
/artifact-keeper/artifact-keeper/commits/main,149,47
/artifact-keeper/artifact-keeper/releases/tag/v1.10.1,93,75
/artifact-keeper/artifact-keeper/milestone/50,90,35
/artifact-keeper/artifact-keeper/milestones,90,22
/artifact-keeper/artifact-keeper/blob/main/docker-compose.yml,84,53
